Customer Name,Order Count
Zachary Lee,1
William Hill,1
Vincent Davis,1
Victoria Pratt,1
Veronica Giles,1
Travis Daniel,1
Tina Miller,1
Tiffany Ortega,1
Susan Simmons,1
Susan Rocha,1
Steven Elliott,1
Steven Blankenship,1
Shelly Parks,1
Seth Dixon,1
Scott Singleton,1
Sarah Wolfe,1
Samantha Singh,1
Samantha Mendoza,1
Richard Bryant,1
Rachel Young,1
Paula Johnson,1
Nancy Henry,1
Mrs. Jennifer Wells,1
Monique Snyder,1
Michael Martinez,1
Melissa Thomas,1
Melanie Jimenez,1
Meagan Sanchez,1
Maurice Rivera,1
Matthew Williams,1
Matthew Jackson,1
Maria Miller,1
Maria Lucas,1
Lisa Phillips,1
Lisa Hale,1
Linda Bryant,1
Laura Sanchez,1
Kiara Jones,1
Kenneth Wilson,1
Kelly Crawford,1
Kayla Edwards,1
Katrina Owens,1
Katelyn Conway,1
Kari Jones,1
Justin Aguilar,1
Joshua Long,1
Joseph Stafford,1
Jose Parks,1
Jessica Thomas,1
Jessica Murphy,1
Jennifer Taylor,1
Jennifer Blevins,1
Jeffrey Clark,1
Janice Wade,1
Jamie Lawrence,1
Jacob Allen,1
Jack Villegas,1
Heather Clark,1
Elizabeth Pena,1
Dylan McDonald,1
Dustin Day,1
Dr. Jordan Turner,1
Dr. Jesse Guerrero II,1
Dr. Daniel Baker,1
Douglas Ali,1
Dorothy Miller,1
Devon Franco,1
David Jackson,1
David Green,1
David Grant,1
Daniel Stevens,1
Daniel Gill,1
Connie Tate,1
Christopher Pollard,1
Christopher Cervantes,1
Christine Allen,1
Christian Smith,1
Chelsea Stevens,1
Charles Schneider,1
Catherine Shaffer,1
Carmen McBride,1
Bruce Dudley,1
Brooke Martin,1
Brian Palmer,1
Brian Adams,1
Brandi Wilson,1
Benjamin Good,1
Ashley White,1
Anthony Johnson,1
Andrew Haynes,1
Amy Simpson,1
Amy Hayden,1
Amber Dunn,1
Amanda Silva,1
Allison Miller,1
Alicia Smith,1
Alexis Henry,1
Alexandria Anderson,1
Alexa Brown,1
Aaron Anderson,1
Grand Total,100